user_id,name,username,password,role,email,phone
U001,Administrator,admin,admin123,Admin,admin@library.com,9876500001
U002,Student 1,student1,student1001,Student,student1@library.com,9876500002
U003,Student 2,student2,student1002,Student,student2@library.com,9876500003
U004,Student 3,student3,student1003,Student,student3@library.com,9876500004
U005,Student 4,student4,student1004,Student,student4@library.com,9876500005
U006,Student 5,student5,student1005,Student,student5@library.com,9876500006
U007,Student 6,student6,student1006,Student,student6@library.com,9876500007
U008,Student 7,student7,student1007,Student,student7@library.com,9876500008
U009,Student 8,student8,student1008,Student,student8@library.com,9876500009
U010,Student 9,student9,student1009,Student,student9@library.com,9876500010
U011,Student 10,student10,student1010,Student,student10@library.com,9876500011
U012,Student 11,student11,student1011,Student,student11@library.com,9876500012
U013,Student 12,student12,student1012,Student,student12@library.com,9876500013
U014,Student 13,student13,student1013,Student,student13@library.com,9876500014
U015,Student 14,student14,student1014,Student,student14@library.com,9876500015
U016,Student 15,student15,student1015,Student,student15@library.com,9876500016
U017,Student 16,student16,student1016,Student,student16@library.com,9876500017
U018,Student 17,student17,student1017,Student,student17@library.com,9876500018
U019,Student 18,student18,student1018,Student,student18@library.com,9876500019
U020,Student 19,student19,student1019,Student,student19@library.com,9876500020
U021,Student 20,student20,student1020,Student,student20@library.com,9876500021
U022,Student 21,student21,student1021,Student,student21@library.com,9876500022
U023,Student 22,student22,student1022,Student,student22@library.com,9876500023
U024,Student 23,student23,student1023,Student,student23@library.com,9876500024
U025,Student 24,student24,student1024,Student,student24@library.com,9876500025
U026,Student 25,student25,student1025,Student,student25@library.com,9876500026
U027,Student 26,student26,student1026,Student,student26@library.com,9876500027
U028,Student 27,student27,student1027,Student,student27@library.com,9876500028
U029,Student 28,student28,student1028,Student,student28@library.com,9876500029
U030,Student 29,student29,student1029,Student,student29@library.com,9876500030
U031,Student 30,student30,student1030,Student,student30@library.com,9876500031
U032,Student 31,student31,student1031,Student,student31@library.com,9876500032
U033,Student 32,student32,student1032,Student,student32@library.com,9876500033
U034,Student 33,student33,student1033,Student,student33@library.com,9876500034
U035,Student 34,student34,student1034,Student,student34@library.com,9876500035
U036,Student 35,student35,student1035,Student,student35@library.com,9876500036
U037,Student 36,student36,student1036,Student,student36@library.com,9876500037
U038,Student 37,student37,student1037,Student,student37@library.com,9876500038
U039,Student 38,student38,student1038,Student,student38@library.com,9876500039
U040,Student 39,student39,student1039,Student,student39@library.com,9876500040
U041,Student 40,student40,student1040,Student,student40@library.com,9876500041
U042,Student 41,student41,student1041,Student,student41@library.com,9876500042
U043,Student 42,student42,student1042,Student,student42@library.com,9876500043
U044,Student 43,student43,student1043,Student,student43@library.com,9876500044
U045,Student 44,student44,student1044,Student,student44@library.com,9876500045
U046,Student 45,student45,student1045,Student,student45@library.com,9876500046
U047,Student 46,student46,student1046,Student,student46@library.com,9876500047
U048,Student 47,student47,student1047,Student,student47@library.com,9876500048
U049,Student 48,student48,student1048,Student,student48@library.com,9876500049
U050,Student 49,student49,student1049,Student,student49@library.com,9876500050
U051,Student 50,student50,student1050,Student,student50@library.com,9876500051
U052,Student 51,student51,student1051,Student,student51@library.com,9876500052
U053,Student 52,student52,student1052,Student,student52@library.com,9876500053
U054,Student 53,student53,student1053,Student,student53@library.com,9876500054
U055,Student 54,student54,student1054,Student,student54@library.com,9876500055
U056,Student 55,student55,student1055,Student,student55@library.com,9876500056
U057,Student 56,student56,student1056,Student,student56@library.com,9876500057
U058,Student 57,student57,student1057,Student,student57@library.com,9876500058
U059,Student 58,student58,student1058,Student,student58@library.com,9876500059
U060,Student 59,student59,student1059,Student,student59@library.com,9876500060
U061,Student 60,student60,student1060,Student,student60@library.com,9876500061
U062,Student 61,student61,student1061,Student,student61@library.com,9876500062
U063,Student 62,student62,student1062,Student,student62@library.com,9876500063
U064,Student 63,student63,student1063,Student,student63@library.com,9876500064
U065,Student 64,student64,student1064,Student,student64@library.com,9876500065
U066,Student 65,student65,student1065,Student,student65@library.com,9876500066
U067,Student 66,student66,student1066,Student,student66@library.com,9876500067
U068,Student 67,student67,student1067,Student,student67@library.com,9876500068
U069,Student 68,student68,student1068,Student,student68@library.com,9876500069
U070,Student 69,student69,student1069,Student,student69@library.com,9876500070
U071,Student 70,student70,student1070,Student,student70@library.com,9876500071
U072,Student 71,student71,student1071,Student,student71@library.com,9876500072
U073,Student 72,student72,student1072,Student,student72@library.com,9876500073
U074,Student 73,student73,student1073,Student,student73@library.com,9876500074
U075,Student 74,student74,student1074,Student,student74@library.com,9876500075
U076,Student 75,student75,student1075,Student,student75@library.com,9876500076
U077,Student 76,student76,student1076,Student,student76@library.com,9876500077
U078,Student 77,student77,student1077,Student,student77@library.com,9876500078
U079,Student 78,student78,student1078,Student,student78@library.com,9876500079
U080,Student 79,student79,student1079,Student,student79@library.com,9876500080
U081,Student 80,student80,student1080,Student,student80@library.com,9876500081
U082,Student 81,student81,student1081,Student,student81@library.com,9876500082
U083,Student 82,student82,student1082,Student,student82@library.com,9876500083
U084,Student 83,student83,student1083,Student,student83@library.com,9876500084
U085,Student 84,student84,student1084,Student,student84@library.com,9876500085
U086,Student 85,student85,student1085,Student,student85@library.com,9876500086
U087,Student 86,student86,student1086,Student,student86@library.com,9876500087
U088,Student 87,student87,student1087,Student,student87@library.com,9876500088
U089,Student 88,student88,student1088,Student,student88@library.com,9876500089
U090,Student 89,student89,student1089,Student,student89@library.com,9876500090
U091,Student 90,student90,student1090,Student,student90@library.com,9876500091
U092,Student 91,student91,student1091,Student,student91@library.com,9876500092
U093,Student 92,student92,student1092,Student,student92@library.com,9876500093
U094,Student 93,student93,student1093,Student,student93@library.com,9876500094
U095,Student 94,student94,student1094,Student,student94@library.com,9876500095
U096,Student 95,student95,student1095,Student,student95@library.com,9876500096
U097,Student 96,student96,student1096,Student,student96@library.com,9876500097
U098,Student 97,student97,student1097,Student,student97@library.com,9876500098
U099,Student 98,student98,student1098,Student,student98@library.com,9876500099
U100,Student 99,student99,student1099,Student,student99@library.com,9876500100
U101,Student 100,student100,student1100,Student,student100@library.com,9876500101
U102,Student 101,student101,student1101,Student,student101@library.com,9876500102
U103,Student 102,student102,student1102,Student,student102@library.com,9876500103
U104,Student 103,student103,student1103,Student,student103@library.com,9876500104
U105,Student 104,student104,student1104,Student,student104@library.com,9876500105
U106,Student 105,student105,student1105,Student,student105@library.com,9876500106
U107,Student 106,student106,student1106,Student,student106@library.com,9876500107
U108,Student 107,student107,student1107,Student,student107@library.com,9876500108
U109,Student 108,student108,student1108,Student,student108@library.com,9876500109
U110,Student 109,student109,student1109,Student,student109@library.com,9876500110
U111,Student 110,student110,student1110,Student,student110@library.com,9876500111
U112,Student 111,student111,student1111,Student,student111@library.com,9876500112
U113,Student 112,student112,student1112,Student,student112@library.com,9876500113
U114,Student 113,student113,student1113,Student,student113@library.com,9876500114
U115,Student 114,student114,student1114,Student,student114@library.com,9876500115
U116,Student 115,student115,student1115,Student,student115@library.com,9876500116
U117,Student 116,student116,student1116,Student,student116@library.com,9876500117
U118,Student 117,student117,student1117,Student,student117@library.com,9876500118
U119,Student 118,student118,student1118,Student,student118@library.com,9876500119
U120,Student 119,student119,student1119,Student,student119@library.com,9876500120
U121,Student 120,student120,student1120,Student,student120@library.com,9876500121
U122,Student 121,student121,student1121,Student,student121@library.com,9876500122
U123,Student 122,student122,student1122,Student,student122@library.com,9876500123
U124,Student 123,student123,student1123,Student,student123@library.com,9876500124
U125,Student 124,student124,student1124,Student,student124@library.com,9876500125
U126,Student 125,student125,student1125,Student,student125@library.com,9876500126
U127,Student 126,student126,student1126,Student,student126@library.com,9876500127
U128,Student 127,student127,student1127,Student,student127@library.com,9876500128
U129,Student 128,student128,student1128,Student,student128@library.com,9876500129
U130,Student 129,student129,student1129,Student,student129@library.com,9876500130
U131,Student 130,student130,student1130,Student,student130@library.com,9876500131
U132,Student 131,student131,student1131,Student,student131@library.com,9876500132
U133,Student 132,student132,student1132,Student,student132@library.com,9876500133
U134,Student 133,student133,student1133,Student,student133@library.com,9876500134
U135,Student 134,student134,student1134,Student,student134@library.com,9876500135
U136,Student 135,student135,student1135,Student,student135@library.com,9876500136
U137,Student 136,student136,student1136,Student,student136@library.com,9876500137
U138,Student 137,student137,student1137,Student,student137@library.com,9876500138
U139,Student 138,student138,student1138,Student,student138@library.com,9876500139
U140,Student 139,student139,student1139,Student,student139@library.com,9876500140
U141,Student 140,student140,student1140,Student,student140@library.com,9876500141
U142,Student 141,student141,student1141,Student,student141@library.com,9876500142
U143,Student 142,student142,student1142,Student,student142@library.com,9876500143
U144,Student 143,student143,student1143,Student,student143@library.com,9876500144
U145,Student 144,student144,student1144,Student,student144@library.com,9876500145
U146,Student 145,student145,student1145,Student,student145@library.com,9876500146
U147,Student 146,student146,student1146,Student,student146@library.com,9876500147
U148,Student 147,student147,student1147,Student,student147@library.com,9876500148
U149,Student 148,student148,student1148,Student,student148@library.com,9876500149
U150,Student 149,student149,student1149,Student,student149@library.com,9876500150
U151,Student 150,student150,student1150,Student,student150@library.com,9876500151
U152,Student 151,student151,student1151,Student,student151@library.com,9876500152
U153,Student 152,student152,student1152,Student,student152@library.com,9876500153
U154,Student 153,student153,student1153,Student,student153@library.com,9876500154
U155,Student 154,student154,student1154,Student,student154@library.com,9876500155
U156,Student 155,student155,student1155,Student,student155@library.com,9876500156
U157,Student 156,student156,student1156,Student,student156@library.com,9876500157
U158,Student 157,student157,student1157,Student,student157@library.com,9876500158
U159,Student 158,student158,student1158,Student,student158@library.com,9876500159
U160,Student 159,student159,student1159,Student,student159@library.com,9876500160
U161,Student 160,student160,student1160,Student,student160@library.com,9876500161
U162,Student 161,student161,student1161,Student,student161@library.com,9876500162
U163,Student 162,student162,student1162,Student,student162@library.com,9876500163
U164,Student 163,student163,student1163,Student,student163@library.com,9876500164
U165,Student 164,student164,student1164,Student,student164@library.com,9876500165
U166,Student 165,student165,student1165,Student,student165@library.com,9876500166
U167,Student 166,student166,student1166,Student,student166@library.com,9876500167
U168,Student 167,student167,student1167,Student,student167@library.com,9876500168
U169,Student 168,student168,student1168,Student,student168@library.com,9876500169
U170,Student 169,student169,student1169,Student,student169@library.com,9876500170
U171,Student 170,student170,student1170,Student,student170@library.com,9876500171
U172,Student 171,student171,student1171,Student,student171@library.com,9876500172
U173,Student 172,student172,student1172,Student,student172@library.com,9876500173
U174,Student 173,student173,student1173,Student,student173@library.com,9876500174
U175,Student 174,student174,student1174,Student,student174@library.com,9876500175
U176,Student 175,student175,student1175,Student,student175@library.com,9876500176
U177,Student 176,student176,student1176,Student,student176@library.com,9876500177
U178,Student 177,student177,student1177,Student,student177@library.com,9876500178
U179,Student 178,student178,student1178,Student,student178@library.com,9876500179
U180,Student 179,student179,student1179,Student,student179@library.com,9876500180
U181,Student 180,student180,student1180,Student,student180@library.com,9876500181
U182,Student 181,student181,student1181,Student,student181@library.com,9876500182
U183,Student 182,student182,student1182,Student,student182@library.com,9876500183
U184,Student 183,student183,student1183,Student,student183@library.com,9876500184
U185,Student 184,student184,student1184,Student,student184@library.com,9876500185
U186,Student 185,student185,student1185,Student,student185@library.com,9876500186
U187,Student 186,student186,student1186,Student,student186@library.com,9876500187
U188,Student 187,student187,student1187,Student,student187@library.com,9876500188
U189,Student 188,student188,student1188,Student,student188@library.com,9876500189
U190,Student 189,student189,student1189,Student,student189@library.com,9876500190
U191,Student 190,student190,student1190,Student,student190@library.com,9876500191
U192,Student 191,student191,student1191,Student,student191@library.com,9876500192
U193,Student 192,student192,student1192,Student,student192@library.com,9876500193
U194,Student 193,student193,student1193,Student,student193@library.com,9876500194
U195,Student 194,student194,student1194,Student,student194@library.com,9876500195
U196,Student 195,student195,student1195,Student,student195@library.com,9876500196
U197,Student 196,student196,student1196,Student,student196@library.com,9876500197
U198,Student 197,student197,student1197,Student,student197@library.com,9876500198
U199,Student 198,student198,student1198,Student,student198@library.com,9876500199
U200,Student 199,student199,student1199,Student,student199@library.com,9876500200
U201,Student 200,student200,student1200,Student,student200@library.com,9876500201
U202,Student 201,student201,student1201,Student,student201@library.com,9876500202
U203,Student 202,student202,student1202,Student,student202@library.com,9876500203
U204,Student 203,student203,student1203,Student,student203@library.com,9876500204
U205,Student 204,student204,student1204,Student,student204@library.com,9876500205
U206,Student 205,student205,student1205,Student,student205@library.com,9876500206
U207,Student 206,student206,student1206,Student,student206@library.com,9876500207
U208,Student 207,student207,student1207,Student,student207@library.com,9876500208
U209,Student 208,student208,student1208,Student,student208@library.com,9876500209
U210,Student 209,student209,student1209,Student,student209@library.com,9876500210
U211,Student 210,student210,student1210,Student,student210@library.com,9876500211
U212,Student 211,student211,student1211,Student,student211@library.com,9876500212
U213,Student 212,student212,student1212,Student,student212@library.com,9876500213
U214,Student 213,student213,student1213,Student,student213@library.com,9876500214
U215,Student 214,student214,student1214,Student,student214@library.com,9876500215
U216,Student 215,student215,student1215,Student,student215@library.com,9876500216
U217,Student 216,student216,student1216,Student,student216@library.com,9876500217
U218,Student 217,student217,student1217,Student,student217@library.com,9876500218
U219,Student 218,student218,student1218,Student,student218@library.com,9876500219
U220,Student 219,student219,student1219,Student,student219@library.com,9876500220
U221,Student 220,student220,student1220,Student,student220@library.com,9876500221
U222,Student 221,student221,student1221,Student,student221@library.com,9876500222
U223,Student 222,student222,student1222,Student,student222@library.com,9876500223
U224,Student 223,student223,student1223,Student,student223@library.com,9876500224
U225,Student 224,student224,student1224,Student,student224@library.com,9876500225
U226,Student 225,student225,student1225,Student,student225@library.com,9876500226
U227,Student 226,student226,student1226,Student,student226@library.com,9876500227
U228,Student 227,student227,student1227,Student,student227@library.com,9876500228
U229,Student 228,student228,student1228,Student,student228@library.com,9876500229
U230,Student 229,student229,student1229,Student,student229@library.com,9876500230
U231,Student 230,student230,student1230,Student,student230@library.com,9876500231
U232,Student 231,student231,student1231,Student,student231@library.com,9876500232
U233,Student 232,student232,student1232,Student,student232@library.com,9876500233
U234,Student 233,student233,student1233,Student,student233@library.com,9876500234
U235,Student 234,student234,student1234,Student,student234@library.com,9876500235
U236,Student 235,student235,student1235,Student,student235@library.com,9876500236
U237,Student 236,student236,student1236,Student,student236@library.com,9876500237
U238,Student 237,student237,student1237,Student,student237@library.com,9876500238
U239,Student 238,student238,student1238,Student,student238@library.com,9876500239
U240,Student 239,student239,student1239,Student,student239@library.com,9876500240
U241,Student 240,student240,student1240,Student,student240@library.com,9876500241
U242,Student 241,student241,student1241,Student,student241@library.com,9876500242
U243,Student 242,student242,student1242,Student,student242@library.com,9876500243
U244,Student 243,student243,student1243,Student,student243@library.com,9876500244
U245,Student 244,student244,student1244,Student,student244@library.com,9876500245
U246,Student 245,student245,student1245,Student,student245@library.com,9876500246
U247,Student 246,student246,student1246,Student,student246@library.com,9876500247
U248,Student 247,student247,student1247,Student,student247@library.com,9876500248
U249,Student 248,student248,student1248,Student,student248@library.com,9876500249
U250,Student 249,student249,student1249,Student,student249@library.com,9876500250
U251,Student 250,student250,student1250,Student,student250@library.com,9876500251
U252,Student 251,student251,student1251,Student,student251@library.com,9876500252
U253,Student 252,student252,student1252,Student,student252@library.com,9876500253
U254,Student 253,student253,student1253,Student,student253@library.com,9876500254
U255,Student 254,student254,student1254,Student,student254@library.com,9876500255
U256,Student 255,student255,student1255,Student,student255@library.com,9876500256
U257,Student 256,student256,student1256,Student,student256@library.com,9876500257
U258,Student 257,student257,student1257,Student,student257@library.com,9876500258
U259,Student 258,student258,student1258,Student,student258@library.com,9876500259
U260,Student 259,student259,student1259,Student,student259@library.com,9876500260
U261,Student 260,student260,student1260,Student,student260@library.com,9876500261
U262,Student 261,student261,student1261,Student,student261@library.com,9876500262
U263,Student 262,student262,student1262,Student,student262@library.com,9876500263
U264,Student 263,student263,student1263,Student,student263@library.com,9876500264
U265,Student 264,student264,student1264,Student,student264@library.com,9876500265
U266,Student 265,student265,student1265,Student,student265@library.com,9876500266
U267,Student 266,student266,student1266,Student,student266@library.com,9876500267
U268,Student 267,student267,student1267,Student,student267@library.com,9876500268
U269,Student 268,student268,student1268,Student,student268@library.com,9876500269
U270,Student 269,student269,student1269,Student,student269@library.com,9876500270
U271,Student 270,student270,student1270,Student,student270@library.com,9876500271
U272,Student 271,student271,student1271,Student,student271@library.com,9876500272
U273,Student 272,student272,student1272,Student,student272@library.com,9876500273
U274,Student 273,student273,student1273,Student,student273@library.com,9876500274
U275,Student 274,student274,student1274,Student,student274@library.com,9876500275
U276,Student 275,student275,student1275,Student,student275@library.com,9876500276
U277,Student 276,student276,student1276,Student,student276@library.com,9876500277
U278,Student 277,student277,student1277,Student,student277@library.com,9876500278
U279,Student 278,student278,student1278,Student,student278@library.com,9876500279
U280,Student 279,student279,student1279,Student,student279@library.com,9876500280
U281,Student 280,student280,student1280,Student,student280@library.com,9876500281
U282,Student 281,student281,student1281,Student,student281@library.com,9876500282
U283,Student 282,student282,student1282,Student,student282@library.com,9876500283
U284,Student 283,student283,student1283,Student,student283@library.com,9876500284
U285,Student 284,student284,student1284,Student,student284@library.com,9876500285
U286,Student 285,student285,student1285,Student,student285@library.com,9876500286
U287,Student 286,student286,student1286,Student,student286@library.com,9876500287
U288,Student 287,student287,student1287,Student,student287@library.com,9876500288
U289,Student 288,student288,student1288,Student,student288@library.com,9876500289
U290,Student 289,student289,student1289,Student,student289@library.com,9876500290
U291,Student 290,student290,student1290,Student,student290@library.com,9876500291
U292,Student 291,student291,student1291,Student,student291@library.com,9876500292
U293,Student 292,student292,student1292,Student,student292@library.com,9876500293
U294,Student 293,student293,student1293,Student,student293@library.com,9876500294
U295,Student 294,student294,student1294,Student,student294@library.com,9876500295
U296,Student 295,student295,student1295,Student,student295@library.com,9876500296
U297,Student 296,student296,student1296,Student,student296@library.com,9876500297
U298,Student 297,student297,student1297,Student,student297@library.com,9876500298
U299,Student 298,student298,student1298,Student,student298@library.com,9876500299
U300,Student 299,student299,student1299,Student,student299@library.com,9876500300
U301,Student 300,student300,student1300,Student,student300@library.com,9876500301
U302,Student 301,student301,student1301,Student,student301@library.com,9876500302
U303,Student 302,student302,student1302,Student,student302@library.com,9876500303
U304,Student 303,student303,student1303,Student,student303@library.com,9876500304
U305,Student 304,student304,student1304,Student,student304@library.com,9876500305
U306,Student 305,student305,student1305,Student,student305@library.com,9876500306
U307,Student 306,student306,student1306,Student,student306@library.com,9876500307
U308,Student 307,student307,student1307,Student,student307@library.com,9876500308
U309,Student 308,student308,student1308,Student,student308@library.com,9876500309
U310,Student 309,student309,student1309,Student,student309@library.com,9876500310
U311,Student 310,student310,student1310,Student,student310@library.com,9876500311
U312,Student 311,student311,student1311,Student,student311@library.com,9876500312
U313,Student 312,student312,student1312,Student,student312@library.com,9876500313
U314,Student 313,student313,student1313,Student,student313@library.com,9876500314
U315,Student 314,student314,student1314,Student,student314@library.com,9876500315
U316,Student 315,student315,student1315,Student,student315@library.com,9876500316
U317,Student 316,student316,student1316,Student,student316@library.com,9876500317
U318,Student 317,student317,student1317,Student,student317@library.com,9876500318
U319,Student 318,student318,student1318,Student,student318@library.com,9876500319
U320,Student 319,student319,student1319,Student,student319@library.com,9876500320
U321,Student 320,student320,student1320,Student,student320@library.com,9876500321
U322,Student 321,student321,student1321,Student,student321@library.com,9876500322
U323,Student 322,student322,student1322,Student,student322@library.com,9876500323
U324,Student 323,student323,student1323,Student,student323@library.com,9876500324
U325,Student 324,student324,student1324,Student,student324@library.com,9876500325
U326,Student 325,student325,student1325,Student,student325@library.com,9876500326
U327,Student 326,student326,student1326,Student,student326@library.com,9876500327
U328,Student 327,student327,student1327,Student,student327@library.com,9876500328
U329,Student 328,student328,student1328,Student,student328@library.com,9876500329
U330,Student 329,student329,student1329,Student,student329@library.com,9876500330
U331,Student 330,student330,student1330,Student,student330@library.com,9876500331
U332,Student 331,student331,student1331,Student,student331@library.com,9876500332
U333,Student 332,student332,student1332,Student,student332@library.com,9876500333
U334,Student 333,student333,student1333,Student,student333@library.com,9876500334
U335,Student 334,student334,student1334,Student,student334@library.com,9876500335
U336,Student 335,student335,student1335,Student,student335@library.com,9876500336
U337,Student 336,student336,student1336,Student,student336@library.com,9876500337
U338,Student 337,student337,student1337,Student,student337@library.com,9876500338
U339,Student 338,student338,student1338,Student,student338@library.com,9876500339
U340,Student 339,student339,student1339,Student,student339@library.com,9876500340
U341,Student 340,student340,student1340,Student,student340@library.com,9876500341
U342,Student 341,student341,student1341,Student,student341@library.com,9876500342
U343,Student 342,student342,student1342,Student,student342@library.com,9876500343
U344,Student 343,student343,student1343,Student,student343@library.com,9876500344
U345,Student 344,student344,student1344,Student,student344@library.com,9876500345
U346,Student 345,student345,student1345,Student,student345@library.com,9876500346
U347,Student 346,student346,student1346,Student,student346@library.com,9876500347
U348,Student 347,student347,student1347,Student,student347@library.com,9876500348
U349,Student 348,student348,student1348,Student,student348@library.com,9876500349
U350,Student 349,student349,student1349,Student,student349@library.com,9876500350
U351,Student 350,student350,student1350,Student,student350@library.com,9876500351
U352,Student 351,student351,student1351,Student,student351@library.com,9876500352
U353,Student 352,student352,student1352,Student,student352@library.com,9876500353
U354,Student 353,student353,student1353,Student,student353@library.com,9876500354
U355,Student 354,student354,student1354,Student,student354@library.com,9876500355
U356,Student 355,student355,student1355,Student,student355@library.com,9876500356
U357,Student 356,student356,student1356,Student,student356@library.com,9876500357
U358,Student 357,student357,student1357,Student,student357@library.com,9876500358
U359,Student 358,student358,student1358,Student,student358@library.com,9876500359
U360,Student 359,student359,student1359,Student,student359@library.com,9876500360
U361,Student 360,student360,student1360,Student,student360@library.com,9876500361
U362,Student 361,student361,student1361,Student,student361@library.com,9876500362
U363,Student 362,student362,student1362,Student,student362@library.com,9876500363
U364,Student 363,student363,student1363,Student,student363@library.com,9876500364
U365,Student 364,student364,student1364,Student,student364@library.com,9876500365
U366,Student 365,student365,student1365,Student,student365@library.com,9876500366
U367,Student 366,student366,student1366,Student,student366@library.com,9876500367
U368,Student 367,student367,student1367,Student,student367@library.com,9876500368
U369,Student 368,student368,student1368,Student,student368@library.com,9876500369
U370,Student 369,student369,student1369,Student,student369@library.com,9876500370
U371,Student 370,student370,student1370,Student,student370@library.com,9876500371
U372,Student 371,student371,student1371,Student,student371@library.com,9876500372
U373,Student 372,student372,student1372,Student,student372@library.com,9876500373
U374,Student 373,student373,student1373,Student,student373@library.com,9876500374
U375,Student 374,student374,student1374,Student,student374@library.com,9876500375
U376,Student 375,student375,student1375,Student,student375@library.com,9876500376
U377,Student 376,student376,student1376,Student,student376@library.com,9876500377
U378,Student 377,student377,student1377,Student,student377@library.com,9876500378
U379,Student 378,student378,student1378,Student,student378@library.com,9876500379
U380,Student 379,student379,student1379,Student,student379@library.com,9876500380
U381,Student 380,student380,student1380,Student,student380@library.com,9876500381
U382,Student 381,student381,student1381,Student,student381@library.com,9876500382
U383,Student 382,student382,student1382,Student,student382@library.com,9876500383
U384,Student 383,student383,student1383,Student,student383@library.com,9876500384
U385,Student 384,student384,student1384,Student,student384@library.com,9876500385
U386,Student 385,student385,student1385,Student,student385@library.com,9876500386
U387,Student 386,student386,student1386,Student,student386@library.com,9876500387
U388,Student 387,student387,student1387,Student,student387@library.com,9876500388
U389,Student 388,student388,student1388,Student,student388@library.com,9876500389
U390,Student 389,student389,student1389,Student,student389@library.com,9876500390
U391,Student 390,student390,student1390,Student,student390@library.com,9876500391
U392,Student 391,student391,student1391,Student,student391@library.com,9876500392
U393,Student 392,student392,student1392,Student,student392@library.com,9876500393
U394,Student 393,student393,student1393,Student,student393@library.com,9876500394
U395,Student 394,student394,student1394,Student,student394@library.com,9876500395
U396,Student 395,student395,student1395,Student,student395@library.com,9876500396
U397,Student 396,student396,student1396,Student,student396@library.com,9876500397
U398,Student 397,student397,student1397,Student,student397@library.com,9876500398
U399,Student 398,student398,student1398,Student,student398@library.com,9876500399
U400,Student 399,student399,student1399,Student,student399@library.com,9876500400
U401,Student 400,student400,student1400,Student,student400@library.com,9876500401
U402,Teacher 1,teacher1,teacher1001,Teacher,teacher1@library.com,9876500402
U403,Teacher 2,teacher2,teacher1002,Teacher,teacher2@library.com,9876500403
U404,Teacher 3,teacher3,teacher1003,Teacher,teacher3@library.com,9876500404
U405,Teacher 4,teacher4,teacher1004,Teacher,teacher4@library.com,9876500405
U406,Teacher 5,teacher5,teacher1005,Teacher,teacher5@library.com,9876500406
U407,Teacher 6,teacher6,teacher1006,Teacher,teacher6@library.com,9876500407
U408,Teacher 7,teacher7,teacher1007,Teacher,teacher7@library.com,9876500408
U409,Teacher 8,teacher8,teacher1008,Teacher,teacher8@library.com,9876500409
U410,Teacher 9,teacher9,teacher1009,Teacher,teacher9@library.com,9876500410
U411,Teacher 10,teacher10,teacher1010,Teacher,teacher10@library.com,9876500411
U412,Teacher 11,teacher11,teacher1011,Teacher,teacher11@library.com,9876500412
U413,Teacher 12,teacher12,teacher1012,Teacher,teacher12@library.com,9876500413
U414,Teacher 13,teacher13,teacher1013,Teacher,teacher13@library.com,9876500414
U415,Teacher 14,teacher14,teacher1014,Teacher,teacher14@library.com,9876500415
U416,Teacher 15,teacher15,teacher1015,Teacher,teacher15@library.com,9876500416
U417,Teacher 16,teacher16,teacher1016,Teacher,teacher16@library.com,9876500417
U418,Teacher 17,teacher17,teacher1017,Teacher,teacher17@library.com,9876500418
U419,Teacher 18,teacher18,teacher1018,Teacher,teacher18@library.com,9876500419
U420,Teacher 19,teacher19,teacher1019,Teacher,teacher19@library.com,9876500420
U421,Teacher 20,teacher20,teacher1020,Teacher,teacher20@library.com,9876500421
U422,Teacher 21,teacher21,teacher1021,Teacher,teacher21@library.com,9876500422
U423,Teacher 22,teacher22,teacher1022,Teacher,teacher22@library.com,9876500423
U424,Teacher 23,teacher23,teacher1023,Teacher,teacher23@library.com,9876500424
U425,Teacher 24,teacher24,teacher1024,Teacher,teacher24@library.com,9876500425
U426,Teacher 25,teacher25,teacher1025,Teacher,teacher25@library.com,9876500426
U427,Teacher 26,teacher26,teacher1026,Teacher,teacher26@library.com,9876500427
U428,Teacher 27,teacher27,teacher1027,Teacher,teacher27@library.com,9876500428
U429,Teacher 28,teacher28,teacher1028,Teacher,teacher28@library.com,9876500429
U430,Teacher 29,teacher29,teacher1029,Teacher,teacher29@library.com,9876500430
U431,Teacher 30,teacher30,teacher1030,Teacher,teacher30@library.com,9876500431
U432,Teacher 31,teacher31,teacher1031,Teacher,teacher31@library.com,9876500432
U433,Teacher 32,teacher32,teacher1032,Teacher,teacher32@library.com,9876500433
U434,Teacher 33,teacher33,teacher1033,Teacher,teacher33@library.com,9876500434
U435,Teacher 34,teacher34,teacher1034,Teacher,teacher34@library.com,9876500435
U436,Teacher 35,teacher35,teacher1035,Teacher,teacher35@library.com,9876500436
U437,Teacher 36,teacher36,teacher1036,Teacher,teacher36@library.com,9876500437
U438,Teacher 37,teacher37,teacher1037,Teacher,teacher37@library.com,9876500438
U439,Teacher 38,teacher38,teacher1038,Teacher,teacher38@library.com,9876500439
U440,Teacher 39,teacher39,teacher1039,Teacher,teacher39@library.com,9876500440
U441,Teacher 40,teacher40,teacher1040,Teacher,teacher40@library.com,9876500441
U442,Teacher 41,teacher41,teacher1041,Teacher,teacher41@library.com,9876500442
U443,Teacher 42,teacher42,teacher1042,Teacher,teacher42@library.com,9876500443
U444,Teacher 43,teacher43,teacher1043,Teacher,teacher43@library.com,9876500444
U445,Teacher 44,teacher44,teacher1044,Teacher,teacher44@library.com,9876500445
U446,Teacher 45,teacher45,teacher1045,Teacher,teacher45@library.com,9876500446
U447,Teacher 46,teacher46,teacher1046,Teacher,teacher46@library.com,9876500447
U448,Teacher 47,teacher47,teacher1047,Teacher,teacher47@library.com,9876500448
U449,Teacher 48,teacher48,teacher1048,Teacher,teacher48@library.com,9876500449
U450,Teacher 49,teacher49,teacher1049,Teacher,teacher49@library.com,9876500450
U451,Teacher 50,teacher50,teacher1050,Teacher,teacher50@library.com,9876500451
U452,Teacher 51,teacher51,teacher1051,Teacher,teacher51@library.com,9876500452
U453,Teacher 52,teacher52,teacher1052,Teacher,teacher52@library.com,9876500453
U454,Teacher 53,teacher53,teacher1053,Teacher,teacher53@library.com,9876500454
U455,Teacher 54,teacher54,teacher1054,Teacher,teacher54@library.com,9876500455
U456,Teacher 55,teacher55,teacher1055,Teacher,teacher55@library.com,9876500456
U457,Teacher 56,teacher56,teacher1056,Teacher,teacher56@library.com,9876500457
U458,Teacher 57,teacher57,teacher1057,Teacher,teacher57@library.com,9876500458
U459,Teacher 58,teacher58,teacher1058,Teacher,teacher58@library.com,9876500459
U460,Teacher 59,teacher59,teacher1059,Teacher,teacher59@library.com,9876500460
U461,Teacher 60,teacher60,teacher1060,Teacher,teacher60@library.com,9876500461
U462,Teacher 61,teacher61,teacher1061,Teacher,teacher61@library.com,9876500462
U463,Teacher 62,teacher62,teacher1062,Teacher,teacher62@library.com,9876500463
U464,Teacher 63,teacher63,teacher1063,Teacher,teacher63@library.com,9876500464
U465,Teacher 64,teacher64,teacher1064,Teacher,teacher64@library.com,9876500465
U466,Teacher 65,teacher65,teacher1065,Teacher,teacher65@library.com,9876500466
U467,Teacher 66,teacher66,teacher1066,Teacher,teacher66@library.com,9876500467
U468,Teacher 67,teacher67,teacher1067,Teacher,teacher67@library.com,9876500468
U469,Teacher 68,teacher68,teacher1068,Teacher,teacher68@library.com,9876500469
U470,Teacher 69,teacher69,teacher1069,Teacher,teacher69@library.com,9876500470
U471,Teacher 70,teacher70,teacher1070,Teacher,teacher70@library.com,9876500471
U472,Teacher 71,teacher71,teacher1071,Teacher,teacher71@library.com,9876500472
U473,Teacher 72,teacher72,teacher1072,Teacher,teacher72@library.com,9876500473
U474,Teacher 73,teacher73,teacher1073,Teacher,teacher73@library.com,9876500474
U475,Teacher 74,teacher74,teacher1074,Teacher,teacher74@library.com,9876500475
U476,Teacher 75,teacher75,teacher1075,Teacher,teacher75@library.com,9876500476
U477,Teacher 76,teacher76,teacher1076,Teacher,teacher76@library.com,9876500477
U478,Teacher 77,teacher77,teacher1077,Teacher,teacher77@library.com,9876500478
U479,Teacher 78,teacher78,teacher1078,Teacher,teacher78@library.com,9876500479
U480,Teacher 79,teacher79,teacher1079,Teacher,teacher79@library.com,9876500480
U481,Teacher 80,teacher80,teacher1080,Teacher,teacher80@library.com,9876500481
U482,Teacher 81,teacher81,teacher1081,Teacher,teacher81@library.com,9876500482
U483,Teacher 82,teacher82,teacher1082,Teacher,teacher82@library.com,9876500483
U484,Teacher 83,teacher83,teacher1083,Teacher,teacher83@library.com,9876500484
U485,Teacher 84,teacher84,teacher1084,Teacher,teacher84@library.com,9876500485
U486,Teacher 85,teacher85,teacher1085,Teacher,teacher85@library.com,9876500486
U487,Teacher 86,teacher86,teacher1086,Teacher,teacher86@library.com,9876500487
U488,Teacher 87,teacher87,teacher1087,Teacher,teacher87@library.com,9876500488
U489,Teacher 88,teacher88,teacher1088,Teacher,teacher88@library.com,9876500489
U490,Teacher 89,teacher89,teacher1089,Teacher,teacher89@library.com,9876500490
U491,Teacher 90,teacher90,teacher1090,Teacher,teacher90@library.com,9876500491
U492,Teacher 91,teacher91,teacher1091,Teacher,teacher91@library.com,9876500492
U493,Teacher 92,teacher92,teacher1092,Teacher,teacher92@library.com,9876500493
U494,Teacher 93,teacher93,teacher1093,Teacher,teacher93@library.com,9876500494
U495,Teacher 94,teacher94,teacher1094,Teacher,teacher94@library.com,9876500495
U496,Teacher 95,teacher95,teacher1095,Teacher,teacher95@library.com,9876500496
U497,Teacher 96,teacher96,teacher1096,Teacher,teacher96@library.com,9876500497
U498,Teacher 97,teacher97,teacher1097,Teacher,teacher97@library.com,9876500498
U499,Teacher 98,teacher98,teacher1098,Teacher,teacher98@library.com,9876500499
U500,Teacher 99,teacher99,teacher1099,Teacher,teacher99@library.com,9876500500
U502,sanjay,sanjay,sanjay1,Student,sanjay@gmail.com,1234567892
